{
  "performance_test_summary": {
    "test_timestamp": "2025-10-03T14:35:04.045293",
    "performance_score": 100,
    "performance_grade": "A - Excellent Performance",
    "recommendations": [
      "\u2705 EXCELLENT: Performance is within acceptable limits"
    ]
  },
  "detailed_results": {
    "response_time_analysis": {
      "avg_response_time_ms": 89.58182334899902,
      "min_response_time_ms": 70.91927528381348,
      "max_response_time_ms": 216.5842056274414,
      "median_response_time_ms": 72.46756553649902,
      "std_deviation": 45.03225846586225,
      "samples": 10,
      "all_times": [
        216.5842056274414,
        86.56620979309082,
        86.67492866516113,
        74.77998733520508,
        70.91927528381348,
        72.15476036071777,
        71.15697860717773,
        72.04675674438477,
        72.19099998474121,
        72.74413108825684
      ]
    },
    "concurrent_load_testing": [
      {
        "concurrent_users": 5,
        "total_requests": 5,
        "successful_requests": 5,
        "failed_requests": 0,
        "success_rate": 100.0,
        "avg_response_time": 189.52903747558594,
        "max_response_time": 233.58702659606934,
        "requests_per_second": 21.324808095721824,
        "total_test_time": 0.23446869850158691
      },
      {
        "concurrent_users": 10,
        "total_requests": 10,
        "successful_requests": 10,
        "failed_requests": 0,
        "success_rate": 100.0,
        "avg_response_time": 136.24610900878906,
        "max_response_time": 245.0869083404541,
        "requests_per_second": 40.191148047746765,
        "total_test_time": 0.2488110065460205
      },
      {
        "concurrent_users": 20,
        "total_requests": 20,
        "successful_requests": 20,
        "failed_requests": 0,
        "success_rate": 100.0,
        "avg_response_time": 149.46129322052002,
        "max_response_time": 245.06092071533203,
        "requests_per_second": 80.82468346441823,
        "total_test_time": 0.24744915962219238
      },
      {
        "concurrent_users": 30,
        "total_requests": 30,
        "successful_requests": 30,
        "failed_requests": 0,
        "success_rate": 100.0,
        "avg_response_time": 122.88419405619304,
        "max_response_time": 277.67491340637207,
        "requests_per_second": 105.51380795732123,
        "total_test_time": 0.28432297706604004
      }
    ],
    "sustained_load_testing": {
      "test_duration_seconds": 30.128591775894165,
      "total_requests": 1665,
      "successful_requests": 1665,
      "failed_requests": 0,
      "success_rate": 100.0,
      "requests_per_second": 55.263120572803,
      "avg_response_time": 79.69185640146067,
      "min_response_time": 49.85189437866211,
      "max_response_time": 333.76216888427734,
      "response_time_p95": 89.27128314971924
    }
  },
  "system_performance_status": "GOOD"
}